{
  "14": 0.366951,
  "15": 0.283165,
  "12": 0.072925,
  "11": 0.079131,
  "13": 0.143522,
  "1": 0.004655,
  "2": 0.012413,
  "3": 0.001552,
  "6": 0.002327,
  "8": 0.012413,
  "10": 0.012413,
  "16": 0.002327,
  "4": 0.001552,
  "5": 0.001552,
  "7": 0.001552,
  "9": 0.001552
}